Group_ID	rCNV_ID	Region_Name	Locus_Group	Reference	Gene_Symbol	Cytoband	Chromosome	GRCh37	GRCh38	HI_Score	TS_Score	Last_Eval	geneset_GRCh37	geneset_GRCh38
1q21.1_TARs	1q21.1_TARs	1q21.1 recurrent (TAR syndrome) region (proximal, BP1-BP3 or BP2-BP3) (includes RBM8A)	Reccurent_CNV	ClinGen	NA	NA	1	1:145386507-145748064	1:145686999-146048495	NoEvidence	LittleEvidence	06/13/2025	ENSG00000117289,ENSG00000131795,ENSG00000121848,ENSG00000121851,ENSG00000181039,ENSG00000198483,ENSG00000168509,ENSG00000131779,ENSG00000131788,ENSG00000152022,ENSG00000143127,ENSG00000186141,ENSG00000117281,ENSG00000186364	ENSG00000265241,ENSG00000186364,ENSG00000265972,ENSG00000121851,ENSG00000198483,ENSG00000131779,ENSG00000272031,ENSG00000131788,ENSG00000174827,ENSG00000143127,ENSG00000168509,ENSG00000186141,ENSG00000265491,ENSG00000271601,ENSG00000117281
1q21.1_distal	1q21.1_distal	1q21.1 recurrent region (distal, BP3-BP4) (includes GJA5)	Reccurent_CNV	ClinGen	NA	NA	1	1:146577486-147394506	1:147105904-147917509	SufficientEvidence	EmergingEvidence	10/04/2024	ENSG00000121634,ENSG00000131791,ENSG00000162836,ENSG00000131778,ENSG00000131781,ENSG00000143140,ENSG00000116128	ENSG00000121634,ENSG00000131781,ENSG00000131778,ENSG00000131791,ENSG00000288626,ENSG00000265107,ENSG00000116128,ENSG00000162836
1p36_GABRD	1p36_GABRD	gamma-aminobutyric acid type A receptor subunit delta	protein-coding gene	ClinGen	GABRD	1p36.33	1	1:1950784-1962197	1:2019345-2030758	NA	NA	45116	ENSG00000187730	ENSG00000187730
2q13_proximal	2q13_proximal	2q13 recurrent region (proximal) (includes NPHP1)	Reccurent_CNV	ClinGen	NA	NA	2	2:110862108-110983703	2:110104531-110228181	AutosomalRecessive	SensitivityUnlikely	07/19/2025	ENSG00000144061	ENSG00000144061,ENSG00000175701
2q13_distal	2q13_distal	2q13 recurrent region (distal) (includes BCL2L11)	Reccurent_CNV	ClinGen	NA	NA	2	2:111392193-113104742	2:110634616-112347165	EmergingEvidence	EmergingEvidence	06/23/2018	ENSG00000153214,ENSG00000153208,ENSG00000188177,ENSG00000153107,ENSG00000153093,ENSG00000144161,ENSG00000144152,ENSG00000169679,ENSG00000153094	ENSG00000144161,ENSG00000153208,ENSG00000153214,ENSG00000153107,ENSG00000188177,ENSG00000153094,ENSG00000293584,ENSG00000144152,ENSG00000153093,ENSG00000169679
2q21.1	2q21.1	2q21.1 recurrent region (includes ARHGEF4, GPR148)	Reccurent_CNV	ClinGen	NA	NA	2	2:131477509-131929693	2:130719936-131172120	LittleEvidence	NoEvidence	08/13/2025	ENSG00000136002,ENSG00000152102,ENSG00000173302,ENSG00000115762,ENSG00000178171	ENSG00000136002,ENSG00000115762,ENSG00000152102,ENSG00000284479,ENSG00000173302,ENSG00000178171
2q37_HDAC4	2q37_HDAC4	histone deacetylase 4	protein-coding gene	ClinGen	HDAC4	2q37.3	2	2:239969864-240323343	2:239048168-239401649	NA	NA	07/16/2024	ENSG00000213828,ENSG00000068024	ENSG00000068024
2p16_NRXN1	2p16_NRXN1	neurexin 1	protein-coding gene	ClinGen	NRXN1	2p16.3	2	2:50145641-51259270	2:49918503-51032132	NA	NA	44414	ENSG00000179915	ENSG00000179915
2q11.2	2q11.2_1	2p11.2 recurrent region (includes EIF2AK3, RPIA)	Reccurent_CNV	ClinGen	NA	NA	2	2:88295146-89057586	2:87995627-88758069	NoEvidence	NoEvidence	09/12/2024	ENSG00000172086,ENSG00000172071,ENSG00000163586,ENSG00000153574,ENSG00000144115,ENSG00000115593,ENSG00000172073	ENSG00000172073,ENSG00000214336,ENSG00000153574,ENSG00000172086,ENSG00000163586,ENSG00000115593,ENSG00000144115,ENSG00000172071
2q11.2	2q11.2_2	2q11.2 recurrent region (includes ARID5A, TMEM127)	Reccurent_CNV	ClinGen	NA	NA	2	2:96739012-97671429	2:96073264-97005692	SufficientEvidence	LittleEvidence	02/21/2022	ENSG00000213337,ENSG00000196843,ENSG00000168758,ENSG00000084090,ENSG00000188886,ENSG00000168763,ENSG00000163126,ENSG00000222040,ENSG00000135956,ENSG00000114982,ENSG00000168754,ENSG00000198885,ENSG00000158158,ENSG00000121152,ENSG00000144028,ENSG00000114988,ENSG00000144021,ENSG00000158050	ENSG00000158158,ENSG00000249715,ENSG00000158050,ENSG00000188886,ENSG00000144021,ENSG00000114982,ENSG00000121152,ENSG00000198885,ENSG00000274286,ENSG00000084090,ENSG00000135956,ENSG00000144028,ENSG00000168758,ENSG00000168763,ENSG00000196843,ENSG00000168754,ENSG00000213337,ENSG00000114988,ENSG00000163126,ENSG00000163121
3q29_FGF12	3q29_FGF12	fibroblast growth factor 12	protein-coding gene	ClinGen	FGF12	3q28-q29	3	3:191857179-192445330	3:192139390-192727541	NA	NA	01/16/2024	ENSG00000114279	ENSG00000114279
3q29_DLG1	3q29_DLG1	3q29 recurrent region (includes DLG1)	Reccurent_CNV	ClinGen	NA	NA	3	3:195756054-197344662	3:196029183-197617791	SufficientEvidence	LittleEvidence	02/18/2024	ENSG00000119231,ENSG00000174004,ENSG00000174007,ENSG00000213123,ENSG00000174013,ENSG00000145107,ENSG00000161267,ENSG00000163960,ENSG00000072274,ENSG00000119227,ENSG00000161217,ENSG00000163958,ENSG00000185798,ENSG00000163975,ENSG00000163959,ENSG00000180370,ENSG00000163964,ENSG00000163961,ENSG00000114503,ENSG00000075711,ENSG00000214097	ENSG00000163975,ENSG00000163964,ENSG00000163961,ENSG00000214097,ENSG00000161267,ENSG00000174007,ENSG00000270170,ENSG00000072274,ENSG00000161217,ENSG00000119231,ENSG00000174004,ENSG00000145107,ENSG00000213123,ENSG00000119227,ENSG00000174013,ENSG00000163958,ENSG00000185798,ENSG00000180370,ENSG00000163959,ENSG00000163960,ENSG00000075711,ENSG00000114503
5q35_Ss	5q35_Ss	5q35 recurrent (Sotos syndrome) region (includes NSD1)	Reccurent_CNV	ClinGen	NA	NA	5	5:175728979-177047793	5:176301976-177620792	SufficientEvidence	SufficientEvidence	04/08/2025	ENSG00000131188,ENSG00000160867,ENSG00000175416,ENSG00000169258,ENSG00000175766,ENSG00000213347,ENSG00000113763,ENSG00000146083,ENSG00000169228,ENSG00000146094,ENSG00000131187,ENSG00000113761,ENSG00000198055,ENSG00000183258,ENSG00000027847,ENSG00000169223,ENSG00000131183,ENSG00000146067,ENSG00000175414,ENSG00000113194,ENSG00000184840,ENSG00000196923,ENSG00000146066,ENSG00000160883,ENSG00000122203,ENSG00000169220,ENSG00000074276,ENSG00000048162,ENSG00000196570,ENSG00000169230,ENSG00000048140,ENSG00000087206,ENSG00000165671,ENSG00000113758,ENSG00000074317	ENSG00000074276,ENSG00000175416,ENSG00000183258,ENSG00000169228,ENSG00000184840,ENSG00000113761,ENSG00000131183,ENSG00000048162,ENSG00000196570,ENSG00000146094,ENSG00000165671,ENSG00000027847,ENSG00000169220,ENSG00000160883,ENSG00000131188,ENSG00000113758,ENSG00000196923,ENSG00000122203,ENSG00000074317,ENSG00000146067,ENSG00000160867,ENSG00000048140,ENSG00000087206,ENSG00000113763,ENSG00000213347,ENSG00000169258,ENSG00000146066,ENSG00000175414,ENSG00000131187,ENSG00000175766,ENSG00000198055,ENSG00000146083,ENSG00000113194,ENSG00000169230,ENSG00000169223
6q19_SIM1	6q19_SIM1	SIM bHLH transcription factor 1	protein-coding gene	ClinGen	SIM1	6q16.3	6	6:100832885-100912797	6:100385009-100464921	NA	NA	04/25/2012	ENSG00000112246	ENSG00000112246
4p16.3	4p16.3	‐	Region	ClinGen	RegionContained	4p16.3 terminal (Wolf-Hirschhorn syndrome) region	6	6:100832885-100912797	6:100385009-100464921	NA	NA	‐	ENSG00000112246	ENSG00000112246
7q11_ZNF92	7q11_ZNF92	zinc finger protein 92	protein-coding gene	ClinGen	ZNF92	7q11.21	7	7:64838768-64866049	7:65373855-65401136	NA	NA	NA	ENSG00000146757	ENSG00000146757
7q11.23_WBs	7q11.23_WBs	7q11.23 recurrent (Williams-Beuren syndrome) region (includes ELN)	Reccurent_CNV	ClinGen	NA	NA	7	7:72744455-74142510	7:73330452-74728172	SufficientEvidence	SufficientEvidence	08/06/2015	ENSG00000165215,ENSG00000077800,ENSG00000176428,ENSG00000189143,ENSG00000049541,ENSG00000086730,ENSG00000049540,ENSG00000165171,ENSG00000188763,ENSG00000009954,ENSG00000071462,ENSG00000009950,ENSG00000176410,ENSG00000106089,ENSG00000106638,ENSG00000077809,ENSG00000106077,ENSG00000106665,ENSG00000006704,ENSG00000106635,ENSG00000106682,ENSG00000106683,ENSG00000175877	ENSG00000086730,ENSG00000106665,ENSG00000106682,ENSG00000106089,ENSG00000189143,ENSG00000176428,ENSG00000106635,ENSG00000106683,ENSG00000176410,ENSG00000106638,ENSG00000049540,ENSG00000106077,ENSG00000009954,ENSG00000049541,ENSG00000175877,ENSG00000009950,ENSG00000165215,ENSG00000188763,ENSG00000165171,ENSG00000263001,ENSG00000006704,ENSG00000071462,ENSG00000077800
7q11_RCC1L	7q11_RCC1L	RCC1 like	protein-coding gene	ClinGen	RCC1L	7q11.23	7	7:74441223-74489638	7:75027119-75073802	NA	NA	NA	ENSG00000174374	ENSG00000274523
7q11.23_distal	7q11.23_distal	7q11.23 recurrent distal region (includes HIP1, YWHAG)	Reccurent_CNV	ClinGen	NA	NA	7	7:75158048-76063176	7:75528718-76433859	EmergingEvidence	LittleEvidence	04/20/2023	ENSG00000170027,ENSG00000006606,ENSG00000106211,ENSG00000188372,ENSG00000127946,ENSG00000005486,ENSG00000127952,ENSG00000106178,ENSG00000146700,ENSG00000177679,ENSG00000127948,ENSG00000146701	ENSG00000006606,ENSG00000170027,ENSG00000127946,ENSG00000106211,ENSG00000127948,ENSG00000146700,ENSG00000177679,ENSG00000188372,ENSG00000127952,ENSG00000189077,ENSG00000005486,ENSG00000146701,ENSG00000106178
8q22_VPS13B	8q22_VPS13B	vacuolar protein sorting 13 homolog B	protein-coding gene	ClinGen	VPS13B	8q22.2	8	8:100025502-100889808	8:99013274-99877580	NA	NA	43839	ENSG00000132549	ENSG00000132549
8p23.1	8p23.1	8p23.1 recurrent region (includes GATA4)	Reccurent_CNV	ClinGen	NA	NA	8	8:8100064-11766329	8:8242542-11908820	SufficientEvidence	EmergingEvidence	06/10/2022	ENSG00000136574,ENSG00000147324,ENSG00000253958,ENSG00000171060,ENSG00000184647,ENSG00000175806,ENSG00000254093,ENSG00000104626,ENSG00000164733,ENSG00000154328,ENSG00000154319,ENSG00000136573,ENSG00000183638,ENSG00000182319,ENSG00000255046,ENSG00000171056,ENSG00000184608,ENSG00000173281,ENSG00000104643,ENSG00000255394,ENSG00000253426,ENSG00000171044,ENSG00000173273,ENSG00000215346,ENSG00000079459	ENSG00000183638,ENSG00000275342,ENSG00000253958,ENSG00000184647,ENSG00000136574,ENSG00000177710,ENSG00000173273,ENSG00000171060,ENSG00000136573,ENSG00000175806,ENSG00000104643,ENSG00000079459,ENSG00000147324,ENSG00000154328,ENSG00000171044,ENSG00000104626,ENSG00000171056,ENSG00000154319,ENSG00000253649,ENSG00000173281,ENSG00000164733,ENSG00000254093
9q34_EHMT1	9q34_EHMT1	euchromatic histone lysine methyltransferase 1	protein-coding gene	ClinGen	EHMT1	9q34.3	9	9:140513457-140730579	9:137619005-137836127	NA	NA	08/20/2025	ENSG00000181090	ENSG00000181090
9p24_DMRT1	9p24_DMRT1	doublesex and mab-3 related transcription factor 1	protein-coding gene	ClinGen	DMRT1	9p24.3	9	9:841697-969090	9:841697-969090	NA	NA	45210	ENSG00000137090	ENSG00000137090
10q11.2	10q11.2	10q11.2 recurrent region (LCR C-LCR D)	Reccurent_CNV	ClinGen	NA	NA	10	10:49389703-51053583	10:48181660-49845537	LittleEvidence	LittleEvidence	10/12/2022	ENSG00000165383,ENSG00000197444,ENSG00000172538,ENSG00000178645,ENSG00000225830,ENSG00000204161,ENSG00000187714,ENSG00000177354,ENSG00000165633,ENSG00000243251,ENSG00000165606,ENSG00000128805,ENSG00000170324,ENSG00000107643,ENSG00000128815,ENSG00000070748	ENSG00000107643,ENSG00000197444,ENSG00000128815,ENSG00000172538,ENSG00000070748,ENSG00000165633,ENSG00000165606,ENSG00000225830,ENSG00000204161,ENSG00000177354,ENSG00000178645,ENSG00000187714,ENSG00000170324,ENSG00000165383,ENSG00000128805
10q22.3q23.2	10q22.3q23.2	10q22.3q23.2 recurrent region (includes BMPR1A)	Reccurent_CNV	ClinGen	NA	NA	10	10:81682843-88739388	10:79923087-86979631	SufficientEvidence	LittleEvidence	05/15/2023	ENSG00000107779,ENSG00000188373,ENSG00000185737,ENSG00000122378,ENSG00000108219,ENSG00000204033,ENSG00000204038,ENSG00000148602,ENSG00000133678,ENSG00000107771,ENSG00000148604,ENSG00000148671,ENSG00000148600,ENSG00000122375,ENSG00000165678,ENSG00000182771,ENSG00000173267,ENSG00000133665,ENSG00000151224,ENSG00000122359,ENSG00000062650,ENSG00000122367,ENSG00000133661,ENSG00000170788,ENSG00000178217,ENSG00000189129,ENSG00000173269	ENSG00000189129,ENSG00000173267,ENSG00000173269,ENSG00000165678,ENSG00000122359,ENSG00000151224,ENSG00000178217,ENSG00000148671,ENSG00000185737,ENSG00000108219,ENSG00000107771,ENSG00000122367,ENSG00000188373,ENSG00000148604,ENSG00000182771,ENSG00000062650,ENSG00000122375,ENSG00000133678,ENSG00000170788,ENSG00000148600,ENSG00000122378,ENSG00000204033,ENSG00000107779,ENSG00000133665,ENSG00000133661,ENSG00000148602
11p11_EXT2	11p11_EXT2	exostosin glycosyltransferase 2	protein-coding gene	ClinGen	EXT2	11p11.2	11	11:44117228-44273512	11:44095678-44251962	NA	NA	43839	ENSG00000151348	ENSG00000151348
11q13.2q13.4	11q13.2q13.4	11q13.2q13.4 recurrent region (includes SHANK2, FGFs)	Reccurent_CNV	ClinGen	NA	NA	11	11:67763646-71236931	11:67996175-71525885	SufficientEvidence	NoEvidence	06/25/2025	ENSG00000172938,ENSG00000186895,ENSG00000172935,ENSG00000172927,ENSG00000162337,ENSG00000172893,ENSG00000069482,ENSG00000172890,ENSG00000162341,ENSG00000162344,ENSG00000171067,ENSG00000132740,ENSG00000131620,ENSG00000197345,ENSG00000162105,ENSG00000075388,ENSG00000132749,ENSG00000085733,ENSG00000110090,ENSG00000110075,ENSG00000268351,ENSG00000110721,ENSG00000110057,ENSG00000168040,ENSG00000110092,ENSG00000149716,ENSG00000110717,ENSG00000110719,ENSG00000131626,ENSG00000006534,ENSG00000110066	ENSG00000131620,ENSG00000162105,ENSG00000162337,ENSG00000172938,ENSG00000162341,ENSG00000172890,ENSG00000132740,ENSG00000171067,ENSG00000172935,ENSG00000172927,ENSG00000172893,ENSG00000131626,ENSG00000006534,ENSG00000168040,ENSG00000085733,ENSG00000110721,ENSG00000110717,ENSG00000132749,ENSG00000197345,ENSG00000110090,ENSG00000069482,ENSG00000110057,ENSG00000186895,ENSG00000284713,ENSG00000162344,ENSG00000149716,ENSG00000110066,ENSG00000110719,ENSG00000110092,ENSG00000110075,ENSG00000075388
13q12_ZMYM5	13q12_ZMYM5	zinc finger MYM-type containing 5	protein-coding gene	ClinGen	ZMYM5	13q12.11	13	13:20397622-20437789	13:19823482-19863649	NA	NA	NA	ENSG00000132950	ENSG00000132950
13q12_CRYL1	13q12_CRYL1	crystallin lambda 1	protein-coding gene	ClinGen	CRYL1	13q12.11	13	13:20977808-21099996	13:20403669-20525857	NA	NA	NA	ENSG00000165475	ENSG00000165475
13q12.12	13q12.12	13q12.12 recurrent region (includes SACS, SGCG)	Reccurent_CNV	ClinGen	NA	NA	13	13:23544582-24881361	13:22970443-24307222	NoEvidence	NoEvidence	04/18/2024	ENSG00000151835,ENSG00000102683,ENSG00000268735,ENSG00000027001,ENSG00000205863,ENSG00000127863,ENSG00000182957	ENSG00000127863,ENSG00000151835,ENSG00000102683,ENSG00000182957,ENSG00000027001,ENSG00000205863
15q24	15q24_3	15q24 recurrent region (LCR C-LCR D) (includes SIN3A)	Reccurent_CNV	ClinGen	NA	NA	15	15: 75631787-75972909	15:75339446-75680568	SufficientEvidence	NoEvidence	01/13/2020	ENSG00000203392,ENSG00000169371,ENSG00000169375,ENSG00000173548,ENSG00000140398,ENSG00000177971,ENSG00000140400,ENSG00000169410	ENSG00000169410,ENSG00000169375,ENSG00000173548,ENSG00000140398,ENSG00000169371,ENSG00000140400,ENSG00000177971
15q11.2	15q11.2	15q11.2 recurrent region (BP1-BP2) (includes NIPA1)	Reccurent_CNV	ClinGen	NA	NA	15	15:22832519-23090897	15:22782170-23040134	SufficientEvidence	SensitivityUnlikely	04/12/2021	ENSG00000068793,ENSG00000170113,ENSG00000140157,ENSG00000153575	ENSG00000140157,ENSG00000273749,ENSG00000275835,ENSG00000170113
15q11.2q13_PWS	15q11.2q13_PWS_BP1_BP3	15q11.2q13 recurrent (PWS/AS) region (Class I, BP1-BP3)	Reccurent_CNV	ClinGen	NA	NA	15	15:22832519-28379874	15:22782170-28134728	NA	NA	08/04/2025	ENSG00000206190,ENSG00000068793,ENSG00000114062,ENSG00000166206,ENSG00000185823,ENSG00000254585,ENSG00000179455,ENSG00000174450,ENSG00000140157,ENSG00000153666,ENSG00000182636,ENSG00000273173,ENSG00000170113,ENSG00000153575,ENSG00000104044,ENSG00000182256,ENSG00000186297,ENSG00000128739	ENSG00000174450,ENSG00000114062,ENSG00000182256,ENSG00000254585,ENSG00000273749,ENSG00000186297,ENSG00000261739,ENSG00000140157,ENSG00000166206,ENSG00000179455,ENSG00000128739,ENSG00000185823,ENSG00000170113,ENSG00000182636,ENSG00000273173,ENSG00000275835,ENSG00000206190,ENSG00000104044
15q11.2q13_PWS	15q11.2q13_PWS_BP2_BP3	15q11.2q13 recurrent (PWS/AS) region (Class I, BP1-BP3 and Class II, BP2-BP3)	Reccurent_CNV	ClinGen	NA	NA	15	15:23747996-28379874	15:23465365-28134728	SufficientEvidence	SufficientEvidence	08/04/2025	ENSG00000182256,ENSG00000182636,ENSG00000254585,ENSG00000179455,ENSG00000186297,ENSG00000273173,ENSG00000185823,ENSG00000206190,ENSG00000128739,ENSG00000104044,ENSG00000114062,ENSG00000166206	ENSG00000114062,ENSG00000179455,ENSG00000185823,ENSG00000273173,ENSG00000166206,ENSG00000104044,ENSG00000186297,ENSG00000254585,ENSG00000182636,ENSG00000182256,ENSG00000206190,ENSG00000128739
15q13_BP3_BP4	15q13_BP3_BP4	15q13 recurrent region (BP3-BP4) (includes APBA2)	Reccurent_CNV	ClinGen	NA	NA	15	15:29156959-30368990	15:28916886-30076787	LittleEvidence	NoEvidence	08/11/2025	ENSG00000185115,ENSG00000104059,ENSG00000104067,ENSG00000034053	ENSG00000104059,ENSG00000185115,ENSG00000104067,ENSG00000034053
15q13_BP3_BP5	15q13_BP3_BP5	15q13.3 recurrent region (BP3-BP5)	Reccurent_CNV	Manually_added	NA	NA	15	15:29156959-32445405	15:28916886-32153204	NA	NA	NA	ENSG00000104067,ENSG00000169926,ENSG00000134160,ENSG00000187951,ENSG00000166912,ENSG00000104059,ENSG00000169918,ENSG00000034053,ENSG00000185115,ENSG00000198690,ENSG00000175344	ENSG00000034053,ENSG00000134160,ENSG00000285077,ENSG00000169918,ENSG00000166912,ENSG00000169926,ENSG00000104059,ENSG00000175344,ENSG00000185115,ENSG00000198690,ENSG00000104067
15q13_BP4_BP5	15q13_BP4_BP5	15q13.3 recurrent region (BP4-BP5) (includes CHRNA7)	Reccurent_CNV	ClinGen	NA	NA	15	15:31192889-32445405	15:30900686-32153204	SufficientEvidence	LittleEvidence	04/28/2018	ENSG00000169926,ENSG00000175344,ENSG00000134160,ENSG00000198690,ENSG00000166912,ENSG00000169918	ENSG00000166912,ENSG00000175344,ENSG00000169926,ENSG00000198690,ENSG00000169918,ENSG00000134160
15q13_CHRNA7_BP5	15q13_CHRNA7_BP5	15q13.3 recurrent region (D-CHRNA7 to BP5) (includes CHRNA7, OTUD7A)	Reccurent_CNV	ClinGen	NA	NA	15	15:32019621-32445405	15:31727418-32153204	SufficientEvidence	SensitivityUnlikely	05/10/2018	ENSG00000175344	ENSG00000175344
15q13.3q14	15q13.3q14	15q13.3q14 recurrent region (BP5-BP6) (includes GREM1)	Reccurent_CNV	ClinGen	NA	NA	15	15:32925116-34671002	15:32607508-34378801	LittleEvidence	NoEvidence	01/09/2025	ENSG00000140199,ENSG00000184984,ENSG00000182117,ENSG00000182405,ENSG00000128463,ENSG00000166922,ENSG00000166923,ENSG00000184507,ENSG00000176454,ENSG00000248905,ENSG00000134152,ENSG00000134153,ENSG00000169857,ENSG00000198838	ENSG00000184507,ENSG00000198838,ENSG00000198826,ENSG00000128463,ENSG00000182117,ENSG00000184984,ENSG00000182405,ENSG00000140199,ENSG00000166923,ENSG00000166922,ENSG00000176454,ENSG00000134153,ENSG00000134152,ENSG00000248905,ENSG00000169857
15q24	15q24_LCRA_LCRC	15q24 recurrent region (LCR A-LCR C)	Reccurent_CNV	ClinGen	NA	NA	15	15:72963715-75508312	15:72671374-75215971	SufficientEvidence	LittleEvidence	01/03/2020	ENSG00000140506,ENSG00000140505,ENSG00000178761,ENSG00000103653,ENSG00000140464,ENSG00000140497,ENSG00000138623,ENSG00000179361,ENSG00000159322,ENSG00000067141,ENSG00000248540,ENSG00000138629,ENSG00000167178,ENSG00000167139,ENSG00000178741,ENSG00000183324,ENSG00000140481,ENSG00000167173,ENSG00000140474,ENSG00000140459,ENSG00000067221,ENSG00000138621,ENSG00000178802,ENSG00000179335,ENSG00000213578,ENSG00000103855,ENSG00000198794,ENSG00000129038,ENSG00000140465,ENSG00000138622,ENSG00000129009,ENSG00000179151,ENSG00000156642,ENSG00000178718,ENSG00000137868,ENSG00000140463,ENSG00000205363	ENSG00000137868,ENSG00000205363,ENSG00000067221,ENSG00000198794,ENSG00000138621,ENSG00000067141,ENSG00000167139,ENSG00000140459,ENSG00000167173,ENSG00000103855,ENSG00000213578,ENSG00000183324,ENSG00000140463,ENSG00000140506,ENSG00000178718,ENSG00000159322,ENSG00000156642,ENSG00000179335,ENSG00000129038,ENSG00000138629,ENSG00000138623,ENSG00000138622,ENSG00000178741,ENSG00000179151,ENSG00000179361,ENSG00000178802,ENSG00000140474,ENSG00000140465,ENSG00000129009,ENSG00000103653,ENSG00000178761,ENSG00000167178,ENSG00000140481,ENSG00000140505,ENSG00000140464,ENSG00000140497
15q24	15q24_2_LCRA_LCRD	15q24 recurrent region (LCR A-LCR D) (includes SIN3A)	Reccurent_CNV	ClinGen	NA	NA	15	15:72963715-75972909	15:72671374-75680568	SufficientEvidence	LittleEvidence	08/31/2018	ENSG00000140505,ENSG00000169410,ENSG00000138629,ENSG00000183324,ENSG00000067221,ENSG00000178761,ENSG00000140463,ENSG00000140481,ENSG00000140506,ENSG00000138623,ENSG00000103855,ENSG00000179361,ENSG00000178741,ENSG00000140459,ENSG00000169375,ENSG00000178718,ENSG00000140497,ENSG00000213578,ENSG00000067141,ENSG00000103653,ENSG00000129038,ENSG00000167178,ENSG00000129009,ENSG00000140400,ENSG00000177971,ENSG00000138621,ENSG00000140474,ENSG00000203392,ENSG00000169371,ENSG00000179335,ENSG00000198794,ENSG00000140398,ENSG00000159322,ENSG00000248540,ENSG00000167173,ENSG00000140464,ENSG00000178802,ENSG00000167139,ENSG00000179151,ENSG00000156642,ENSG00000173548,ENSG00000138622,ENSG00000140365,ENSG00000137868,ENSG00000205363,ENSG00000140465	ENSG00000169375,ENSG00000137868,ENSG00000179151,ENSG00000140463,ENSG00000179361,ENSG00000205363,ENSG00000140506,ENSG00000138629,ENSG00000140459,ENSG00000167139,ENSG00000129038,ENSG00000159322,ENSG00000178718,ENSG00000169410,ENSG00000140398,ENSG00000138621,ENSG00000103653,ENSG00000140505,ENSG00000067141,ENSG00000156642,ENSG00000169371,ENSG00000213578,ENSG00000198794,ENSG00000177971,ENSG00000067221,ENSG00000140474,ENSG00000138622,ENSG00000140497,ENSG00000178741,ENSG00000138623,ENSG00000178761,ENSG00000140464,ENSG00000173548,ENSG00000179335,ENSG00000167173,ENSG00000140465,ENSG00000167178,ENSG00000140365,ENSG00000140400,ENSG00000140481,ENSG00000103855,ENSG00000178802,ENSG00000183324,ENSG00000129009
15q25.2	15q25.2_proximal	15q25.2 recurrent region (proximal, LCR-A/B-C) (includes RPS17)	Reccurent_CNV	ClinGen	NA	NA	15	15:83199987-84714733	15:82534140-84045981	SufficientEvidence	NoEvidence	07/18/2025	ENSG00000156218,ENSG00000261086,ENSG00000136404,ENSG00000064726,ENSG00000214575,ENSG00000166503,ENSG00000103942,ENSG00000140600,ENSG00000156232,ENSG00000103723,ENSG00000186628,ENSG00000169609,ENSG00000169594,ENSG00000169612	ENSG00000169594,ENSG00000140600,ENSG00000156232,ENSG00000186628,ENSG00000103942,ENSG00000166503,ENSG00000169609,ENSG00000156218,ENSG00000103723,ENSG00000064726,ENSG00000136404,ENSG00000169612,ENSG00000214575
15q25.2	15q25.2_distal	15q25.2q25.3 recurrent region (distal, LCR C-LCR D)	Reccurent_CNV	ClinGen	NA	NA	15	15:85139652-85713001	15:84596421-85169770	LittleEvidence	NoEvidence	08/21/2025	ENSG00000136383,ENSG00000166716,ENSG00000177082,ENSG00000156222,ENSG00000176371,ENSG00000073417,ENSG00000140612,ENSG00000197696	ENSG00000176371,ENSG00000177082,ENSG00000140612,ENSG00000156222,ENSG00000136383,ENSG00000166716,ENSG00000073417,ENSG00000197696
16p13.11	16p13.11	16p13.11 recurrent region (BP1-BP3, BP2-BP3, or BP2-BP4) (includes MYH11)	Reccurent_CNV	ClinGen	NA	NA	16	16:15511711-16292265	16:15417854-16198408	EmergingEvidence	EmergingEvidence	08/16/2024	ENSG00000072864,ENSG00000133393,ENSG00000166783,ENSG00000133392,ENSG00000166780,ENSG00000103222,ENSG00000091262	ENSG00000166780,ENSG00000166783,ENSG00000091262,ENSG00000103222,ENSG00000133393,ENSG00000133392,ENSG00000072864
16p12.3	16p12.3	16p12.3 recurrent region (BP3-BP4) (includes XYLT1)	Reccurent_CNV	ClinGen	NA	NA	16	16:16856796-18167400	16:16762939-18073544	NoEvidence	NoEvidence	06/06/2025	ENSG00000103489	ENSG00000103489
16p12.2_distal	16p12.2_distal	16p12.2 recurrent region (distal, BP1-BP2) (includes OTOA)	Reccurent_CNV	ClinGen	NA	NA	16	16:21570113-21740423	16:21558792-21729102	AutosomalRecessive	SensitivityUnlikely	07/19/2025	ENSG00000155719,ENSG00000140749,ENSG00000197006	ENSG00000155719,ENSG00000140749,ENSG00000197006
16p12.2_proximal	16p12.2_proximal	16p12.2 recurrent region (proximal) (includes EEF2K, CDR2)	Reccurent_CNV	ClinGen	NA	NA	16	16:21948445-22430804	16:21937124-22419483	EmergingEvidence	NoEvidence	03/23/2018	ENSG00000185716,ENSG00000103319,ENSG00000140740,ENSG00000175267,ENSG00000183921,ENSG00000140743,ENSG00000058600,ENSG00000155714	ENSG00000175267,ENSG00000140743,ENSG00000140740,ENSG00000185716,ENSG00000103319,ENSG00000183921,ENSG00000058600,ENSG00000155714
16p11.2_distal	16p11.2_distal	16p11.2 recurrent region (distal, BP2-BP3) (includes SH2B1)	Reccurent_CNV	ClinGen	NA	NA	16	16:28822635-29046499	16:28811314-29035178	SufficientEvidence	LittleEvidence	02/13/2024	ENSG00000169682,ENSG00000177548,ENSG00000213658,ENSG00000178952,ENSG00000177455,ENSG00000196296,ENSG00000178188,ENSG00000176953,ENSG00000168488	ENSG00000213658,ENSG00000177548,ENSG00000178952,ENSG00000178188,ENSG00000169682,ENSG00000177455,ENSG00000176953,ENSG00000196296,ENSG00000168488
16p11.2_BP2_BP5	16p11.2_BP2_BP5	16p11.2 recurrent region (BP2-BP5)	Reccurent_CNV	Manually_added	NA	NA	16	16:28822635-30199852	16:28811314-30188531	NA	NA	NA	ENSG00000197471,ENSG00000196296,ENSG00000103502,ENSG00000169592,ENSG00000013364,ENSG00000176953,ENSG00000102882,ENSG00000149929,ENSG00000167194,ENSG00000167371,ENSG00000149925,ENSG00000181625,ENSG00000254206,ENSG00000149927,ENSG00000102879,ENSG00000213658,ENSG00000174939,ENSG00000174992,ENSG00000149922,ENSG00000149926,ENSG00000169203,ENSG00000263136,ENSG00000168488,ENSG00000169682,ENSG00000177455,ENSG00000103495,ENSG00000174938,ENSG00000102886,ENSG00000079616,ENSG00000103485,ENSG00000149932,ENSG00000149923,ENSG00000178188,ENSG00000177548,ENSG00000258150,ENSG00000178952,ENSG00000090238,ENSG00000213648,ENSG00000196796,ENSG00000174943,ENSG00000149930,ENSG00000185905	ENSG00000174939,ENSG00000149926,ENSG00000177548,ENSG00000149925,ENSG00000167371,ENSG00000174938,ENSG00000169592,ENSG00000168488,ENSG00000213658,ENSG00000174992,ENSG00000176953,ENSG00000103485,ENSG00000103502,ENSG00000103495,ENSG00000013364,ENSG00000149932,ENSG00000177455,ENSG00000169682,ENSG00000102886,ENSG00000149927,ENSG00000149922,ENSG00000090238,ENSG00000167194,ENSG00000174943,ENSG00000079616,ENSG00000197471,ENSG00000254206,ENSG00000185905,ENSG00000102879,ENSG00000178952,ENSG00000149923,ENSG00000196296,ENSG00000280789,ENSG00000149930,ENSG00000149929,ENSG00000178188,ENSG00000102882,ENSG00000285043
16p11.2_proximal	16p11.2_proximal	16p11.2 recurrent region (proximal, BP4-BP5) (includes TBX6)	Reccurent_CNV	ClinGen	NA	NA	16	16:29649997-30199852	16:29638676-30188531	SufficientEvidence	SufficientEvidence	02/09/2017	ENSG00000169592,ENSG00000174938,ENSG00000149927,ENSG00000197471,ENSG00000263136,ENSG00000103485,ENSG00000090238,ENSG00000149929,ENSG00000079616,ENSG00000103502,ENSG00000149922,ENSG00000174939,ENSG00000013364,ENSG00000103495,ENSG00000174992,ENSG00000149925,ENSG00000102882,ENSG00000149926,ENSG00000174943,ENSG00000149932,ENSG00000167371,ENSG00000149930,ENSG00000149923,ENSG00000167194,ENSG00000102879,ENSG00000102886,ENSG00000185905	ENSG00000167194,ENSG00000149926,ENSG00000174938,ENSG00000169592,ENSG00000103495,ENSG00000090238,ENSG00000013364,ENSG00000149923,ENSG00000103485,ENSG00000167371,ENSG00000174992,ENSG00000185905,ENSG00000149930,ENSG00000102886,ENSG00000103502,ENSG00000197471,ENSG00000149932,ENSG00000174943,ENSG00000149925,ENSG00000280789,ENSG00000102879,ENSG00000079616,ENSG00000149922,ENSG00000174939,ENSG00000149929,ENSG00000102882,ENSG00000285043,ENSG00000149927
16p13_CREBBP	16p13_CREBBP	CREB binding lysine acetyltransferase	protein-coding gene	ClinGen	CREBBP	16p13.3	16	16:3775055-3930714	16:3725054-3880713	NA	NA	08/18/2025	ENSG00000005339	ENSG00000005339
16q23_CDH13	16q23_CDH13	cadherin 13	protein-coding gene	ClinGen	CDH13	16q23.3	16	16:82660574-83834245	16:82626969-83800640	NA	NA	NA	ENSG00000140945	ENSG00000140945
17p13_YWHAE	17p13_YWHAE	tyrosine 3-monooxygenase/tryptophan 5-monooxygenase activation protein epsilon	protein-coding gene	ClinGen	YWHAE	17p13.3	17	17:1247569-1303516	17:1344275-1400222	NA	NA	06/19/2014	ENSG00000108953	ENSG00000108953
17p12	17p12	17p12 recurrent (HNPP/CMT1A) region (includes PMP22)	Reccurent_CNV	ClinGen	NA	NA	17	17:14097915-15422952	17:14194598-15519638	SufficientEvidence	SufficientEvidence	10/13/2016	ENSG00000125409,ENSG00000239704,ENSG00000109099,ENSG00000125430	ENSG00000125430,ENSG00000109099,ENSG00000239704,ENSG00000125409,ENSG00000223510
17p11.2	17p11.2	17p11.2 recurrent (SMS/PLS) region (includes RAI1)	Reccurent_CNV	ClinGen	NA	NA	17	17:16810028-20213202	17:16906714-20309889	SufficientEvidence	SufficientEvidence	11/21/2013	ENSG00000171931,ENSG00000171953,ENSG00000179598,ENSG00000176994,ENSG00000131899,ENSG00000142494,ENSG00000189375,ENSG00000240505,ENSG00000171928,ENSG00000176974,ENSG00000072210,ENSG00000108448,ENSG00000177731,ENSG00000171916,ENSG00000141127,ENSG00000083290,ENSG00000141030,ENSG00000175662,ENSG00000072310,ENSG00000214860,ENSG00000108641,ENSG00000177427,ENSG00000128482,ENSG00000108557,ENSG00000154803,ENSG00000091542,ENSG00000141026,ENSG00000108591,ENSG00000108551,ENSG00000072134,ENSG00000213077,ENSG00000166482,ENSG00000249459,ENSG00000141034,ENSG00000171962,ENSG00000180638,ENSG00000108599,ENSG00000177302,ENSG00000133027,ENSG00000166484,ENSG00000108602,ENSG00000154025,ENSG00000205309,ENSG00000128487,ENSG00000133030,ENSG00000091536,ENSG00000188522	ENSG00000133030,ENSG00000179598,ENSG00000177302,ENSG00000189375,ENSG00000141030,ENSG00000142494,ENSG00000171962,ENSG00000175662,ENSG00000205309,ENSG00000240505,ENSG00000141026,ENSG00000133027,ENSG00000171931,ENSG00000180638,ENSG00000072134,ENSG00000171953,ENSG00000154025,ENSG00000108641,ENSG00000131899,ENSG00000128487,ENSG00000171916,ENSG00000176994,ENSG00000214860,ENSG00000166482,ENSG00000091536,ENSG00000188522,ENSG00000108591,ENSG00000108557,ENSG00000072210,ENSG00000108599,ENSG00000108602,ENSG00000154803,ENSG00000166484,ENSG00000177731,ENSG00000171928,ENSG00000176974,ENSG00000083290,ENSG00000108551,ENSG00000177427,ENSG00000141034,ENSG00000091542,ENSG00000128482,ENSG00000072310,ENSG00000141127
17p13_PAFAH1B1	17p13_PAFAH1B1	platelet activating factor acetylhydrolase 1b regulatory subunit 1	protein-coding gene	ClinGen	PAFAH1B1	17p13.3	17	17:2496948-2588909	17:2593183-2685615	NA	NA	10/13/2020	ENSG00000007168	ENSG00000007168
17q11.2	17q11.2	17q11.2 recurrent region (includes NF1)	Reccurent_CNV	ClinGen	NA	NA	17	17:29097069-30264027	17:30780079-31937008	SufficientEvidence	EmergingEvidence	10/12/2020	ENSG00000131242,ENSG00000172171,ENSG00000185862,ENSG00000228768,ENSG00000108651,ENSG00000126861,ENSG00000172301,ENSG00000126860,ENSG00000176208,ENSG00000176390,ENSG00000181481,ENSG00000184060,ENSG00000196712	ENSG00000131242,ENSG00000196712,ENSG00000176208,ENSG00000126861,ENSG00000184060,ENSG00000181481,ENSG00000172301,ENSG00000108651,ENSG00000185862,ENSG00000176390,ENSG00000172171,ENSG00000126860
17q12_RCADs	17q12_RCADs	17q12 recurrent (RCAD syndrome) region (includes HNF1B)	Reccurent_CNV	ClinGen	NA	NA	17	17:34815072-36192489	17:36458167-37854616	SufficientEvidence	SufficientEvidence	06/16/2022	ENSG00000141141,ENSG00000132130,ENSG00000108272,ENSG00000108270,ENSG00000005955,ENSG00000141140,ENSG00000184886,ENSG00000108278,ENSG00000108264,ENSG00000167230,ENSG00000161326,ENSG00000132142,ENSG00000006114,ENSG00000129282,ENSG00000108753	ENSG00000276234,ENSG00000278311,ENSG00000278053,ENSG00000273706,ENSG00000278259,ENSG00000275410,ENSG00000278535,ENSG00000275066,ENSG00000278505,ENSG00000273611,ENSG00000277161,ENSG00000278540,ENSG00000276023,ENSG00000275700,ENSG00000278619
17q23.1q23.2	17q23.1q23.2	17q23.1q23.2 recurrent region (includes TBX2, TBX4)	Reccurent_CNV	ClinGen	NA	NA	17	17:58113002-60275809	17:60035641-62198448	SufficientEvidence	EmergingEvidence	11/20/2018	ENSG00000253506,ENSG00000141376,ENSG00000187013,ENSG00000141371,ENSG00000267772,ENSG00000108510,ENSG00000062725,ENSG00000121075,ENSG00000068097,ENSG00000167434,ENSG00000121068,ENSG00000170836,ENSG00000170832,ENSG00000136492,ENSG00000108506	ENSG00000068097,ENSG00000108506,ENSG00000141376,ENSG00000121075,ENSG00000170832,ENSG00000141371,ENSG00000167434,ENSG00000108510,ENSG00000136492,ENSG00000062725,ENSG00000121068,ENSG00000170836,ENSG00000253506
22q11.21	22q11.21	22q11.21 recurrent (CES) region (includes CECR2)	Reccurent_CNV	ClinGen	NA	NA	22	22:17392953-18591860	22:16912063-18109094	NoEvidence	SufficientEvidence	02/27/2014	ENSG00000093072,ENSG00000177663,ENSG00000069998,ENSG00000243156,ENSG00000099954,ENSG00000235478,ENSG00000015475,ENSG00000182902,ENSG00000131100,ENSG00000215193,ENSG00000215568,ENSG00000183307,ENSG00000099968	ENSG00000131100,ENSG00000015475,ENSG00000093072,ENSG00000069998,ENSG00000215193,ENSG00000177663,ENSG00000099968,ENSG00000099954,ENSG00000182902,ENSG00000183307,ENSG00000215568,ENSG00000243156
22q11.2_proximal	22q11.2_prox_A_B	22q11.2 recurrent (DGS) region (proximal, A-B) (includes TBX1)	Reccurent_CNV	ClinGen	NA	NA	22	22:18912231-20287208	22:18924718-20299685	NA	NA	07/20/2025	ENSG00000070371,ENSG00000128191,ENSG00000070010,ENSG00000215012,ENSG00000203618,ENSG00000183597,ENSG00000040608,ENSG00000234409,ENSG00000184113,ENSG00000184702,ENSG00000242259,ENSG00000099901,ENSG00000206203,ENSG00000099904,ENSG00000070413,ENSG00000185838,ENSG00000063515,ENSG00000184470,ENSG00000099899,ENSG00000100075,ENSG00000184058,ENSG00000093009,ENSG00000093010,ENSG00000185608,ENSG00000099889,ENSG00000100084,ENSG00000100056	ENSG00000070371,ENSG00000185608,ENSG00000099901,ENSG00000206203,ENSG00000215012,ENSG00000099899,ENSG00000234409,ENSG00000203618,ENSG00000184470,ENSG00000184702,ENSG00000100084,ENSG00000099889,ENSG00000100075,ENSG00000128191,ENSG00000070413,ENSG00000184058,ENSG00000093010,ENSG00000185838,ENSG00000184113,ENSG00000070010,ENSG00000100056,ENSG00000040608,ENSG00000063515,ENSG00000183597,ENSG00000093009,ENSG00000242259,ENSG00000099904
22q11.2_proximal	22q11.2_prox_A_D	22q11.2 recurrent (DGS) region (proximal, A-B, A-C, or A-D) (includes TBX1)	Reccurent_CNV	ClinGen	NA	NA	22	22:18912231-21465672	22:18924718-21111383	SufficientEvidence	SufficientEvidence	07/20/2025	ENSG00000185838,ENSG00000070010,ENSG00000215012,ENSG00000093010,ENSG00000099937,ENSG00000161133,ENSG00000099917,ENSG00000184702,ENSG00000183597,ENSG00000184470,ENSG00000234409,ENSG00000185252,ENSG00000183773,ENSG00000203618,ENSG00000063515,ENSG00000100075,ENSG00000099901,ENSG00000184113,ENSG00000040608,ENSG00000093009,ENSG00000099910,ENSG00000206203,ENSG00000099904,ENSG00000099899,ENSG00000244486,ENSG00000099942,ENSG00000099940,ENSG00000099949,ENSG00000100056,ENSG00000128191,ENSG00000184058,ENSG00000100084,ENSG00000099960,ENSG00000070413,ENSG00000187905,ENSG00000099889,ENSG00000269103,ENSG00000099957,ENSG00000185608,ENSG00000241973,ENSG00000242259,ENSG00000184436,ENSG00000070371	ENSG00000070413,ENSG00000244486,ENSG00000070371,ENSG00000099901,ENSG00000206203,ENSG00000099889,ENSG00000241973,ENSG00000185252,ENSG00000100084,ENSG00000187905,ENSG00000284130,ENSG00000183597,ENSG00000215012,ENSG00000093010,ENSG00000099960,ENSG00000184058,ENSG00000099917,ENSG00000100056,ENSG00000185608,ENSG00000070010,ENSG00000184470,ENSG00000100075,ENSG00000099949,ENSG00000099899,ENSG00000184702,ENSG00000184436,ENSG00000185838,ENSG00000099940,ENSG00000242259,ENSG00000099904,ENSG00000040608,ENSG00000099942,ENSG00000099957,ENSG00000128191,ENSG00000099910,ENSG00000128185,ENSG00000183773,ENSG00000234409,ENSG00000184113,ENSG00000099937,ENSG00000093009,ENSG00000203618,ENSG00000063515
22q11.2_proximal	22q11.2_prox_B_D	22q11.2 recurrent region (central, B-D or C-D) (includes CRKL)	Reccurent_CNV	ClinGen	NA	NA	22	22:20731986-21465672	22:20377696-21111383	EmergingEvidence	NoEvidence	05/01/2024	ENSG00000099910,ENSG00000185252,ENSG00000099937,ENSG00000099917,ENSG00000269103,ENSG00000187905,ENSG00000241973,ENSG00000244486,ENSG00000099949,ENSG00000183773,ENSG00000184436,ENSG00000099960,ENSG00000099940,ENSG00000099942,ENSG00000099957	ENSG00000241973,ENSG00000184436,ENSG00000284130,ENSG00000099937,ENSG00000099949,ENSG00000187905,ENSG00000099942,ENSG00000099957,ENSG00000244486,ENSG00000099910,ENSG00000099917,ENSG00000185252,ENSG00000099940,ENSG00000099960,ENSG00000183773
22q11.2_distal	22q11.2_dist_D_E	22q11.2 recurrent region (distal type I, D-E or D-F)	Reccurent_CNV	ClinGen	NA	NA	22	22:21917117-23649111	22:21562828-23306924	SufficientEvidence	LittleEvidence	12/08/2022	ENSG00000161180,ENSG00000100030,ENSG00000100027,ENSG00000186716,ENSG00000161179,ENSG00000128228,ENSG00000100023,ENSG00000100034,ENSG00000100218,ENSG00000185651,ENSG00000100228,ENSG00000100038,ENSG00000128266	ENSG00000185651,ENSG00000100023,ENSG00000100218,ENSG00000100038,ENSG00000161180,ENSG00000161179,ENSG00000100027,ENSG00000186716,ENSG00000100030,ENSG00000128228,ENSG00000100228,ENSG00000128266,ENSG00000100034
22q11.2_distal	22q11.2_dist_D_G	22q11.2 recurrent region (distal type III, D-G, D-H) (includes SMARCB1)	Reccurent_CNV	ClinGen	NA	NA	22	22:21917117-24994433	22:21562828-24598466	SufficientEvidence	NoEvidence	03/27/2023	ENSG00000133460,ENSG00000100014,ENSG00000100218,ENSG00000159496,ENSG00000186716,ENSG00000138867,ENSG00000099991,ENSG00000128271,ENSG00000099998,ENSG00000185651,ENSG00000250479,ENSG00000128228,ENSG00000218537,ENSG00000267954,ENSG00000100030,ENSG00000161179,ENSG00000099977,ENSG00000099994,ENSG00000187792,ENSG00000099956,ENSG00000169314,ENSG00000133433,ENSG00000128218,ENSG00000100024,ENSG00000100027,ENSG00000184674,ENSG00000099974,ENSG00000189269,ENSG00000128266,ENSG00000128322,ENSG00000100034,ENSG00000100028,ENSG00000161180,ENSG00000100023,ENSG00000099958,ENSG00000240972,ENSG00000100228,ENSG00000178026,ENSG00000099984,ENSG00000099953,ENSG00000100038	ENSG00000185651,ENSG00000189269,ENSG00000161180,ENSG00000099994,ENSG00000178026,ENSG00000128218,ENSG00000100218,ENSG00000128228,ENSG00000159496,ENSG00000128266,ENSG00000133433,ENSG00000100024,ENSG00000276950,ENSG00000161179,ENSG00000138867,ENSG00000187792,ENSG00000100027,ENSG00000250479,ENSG00000240972,ENSG00000128271,ENSG00000099977,ENSG00000100038,ENSG00000100014,ENSG00000133460,ENSG00000100023,ENSG00000099958,ENSG00000099953,ENSG00000099991,ENSG00000100030,ENSG00000128322,ENSG00000100228,ENSG00000099956,ENSG00000169314,ENSG00000186716,ENSG00000099998,ENSG00000100028,ENSG00000099974,ENSG00000100034
22q11.2_distal	22q11.2_dist_E_F	22q11.2 recurrent region (distal type II, E-F)	Reccurent_CNV	ClinGen	NA	NA	22	22:23119414-23649111	22:22776924-23306924	LittleEvidence	LittleEvidence	01/19/2023	ENSG00000186716,ENSG00000100218,ENSG00000128266,ENSG00000100228	ENSG00000100228,ENSG00000186716,ENSG00000100218,ENSG00000128266
22q11.2_distal	22q11.2_dist_E_H	22q11.2 recurrent region (distal type III, E-H or F-H) (includes SMARCB1)	Reccurent_CNV	ClinGen	NA	NA	22	22:23119415-24994433	22:22776925-24598466	SufficientEvidence	LittleEvidence	01/25/2023	ENSG00000159496,ENSG00000133460,ENSG00000099991,ENSG00000128266,ENSG00000189269,ENSG00000099974,ENSG00000169314,ENSG00000100024,ENSG00000099998,ENSG00000128218,ENSG00000100014,ENSG00000099977,ENSG00000184674,ENSG00000128271,ENSG00000250479,ENSG00000099956,ENSG00000138867,ENSG00000100028,ENSG00000187792,ENSG00000099958,ENSG00000100228,ENSG00000100218,ENSG00000133433,ENSG00000218537,ENSG00000267954,ENSG00000099994,ENSG00000128322,ENSG00000178026,ENSG00000186716,ENSG00000240972,ENSG00000099984,ENSG00000099953	ENSG00000276950,ENSG00000100228,ENSG00000133460,ENSG00000099994,ENSG00000159496,ENSG00000100024,ENSG00000128266,ENSG00000100218,ENSG00000099977,ENSG00000100014,ENSG00000178026,ENSG00000099956,ENSG00000187792,ENSG00000189269,ENSG00000128218,ENSG00000240972,ENSG00000100028,ENSG00000128271,ENSG00000099958,ENSG00000133433,ENSG00000138867,ENSG00000128322,ENSG00000169314,ENSG00000099991,ENSG00000250479,ENSG00000099953,ENSG00000099974,ENSG00000186716,ENSG00000099998
22q11.2_distal	22q11.2_dist_F_G	22q11.2 recurrent region (distal type III, F-G) (includes SMARCB1)	Reccurent_CNV	ClinGen	NA	NA	22	22:23831202-24632821	22:23489015-24236853	SufficientEvidence	NoEvidence	09/30/2022	ENSG00000250479,ENSG00000218537,ENSG00000099998,ENSG00000099991,ENSG00000189269,ENSG00000099984,ENSG00000184674,ENSG00000267954,ENSG00000099994,ENSG00000128322,ENSG00000169314,ENSG00000099958,ENSG00000099977,ENSG00000187792,ENSG00000159496,ENSG00000099956,ENSG00000099974,ENSG00000240972,ENSG00000133460,ENSG00000133433,ENSG00000099953,ENSG00000128218	ENSG00000240972,ENSG00000128322,ENSG00000250479,ENSG00000099958,ENSG00000159496,ENSG00000133460,ENSG00000099956,ENSG00000099994,ENSG00000169314,ENSG00000099991,ENSG00000189269,ENSG00000099977,ENSG00000187792,ENSG00000099974,ENSG00000099953,ENSG00000276950,ENSG00000128218,ENSG00000133433,ENSG00000099998
22q13_SHANK3	22q13_SHANK3	SH3 and multiple ankyrin repeat domains 3	protein-coding gene	ClinGen	SHANK3	22q13.33	22	22:51111251-51171640	22:50672823-50733212	NA	NA	43839	ENSG00000251322	ENSG00000251322
Xq28_MAGEA11	Xq28_MAGEA11	MAGE family member A11	protein-coding gene	ClinGen	MAGEA11	Xq28	X	X:148769859-148798928	X:149688193-149717268	NA	NA	NA	ENSG00000185247	ENSG00000185247
Xq28	Xq28_1	Xq28 recurrent region (includes GDI1)	Reccurent_CNV	ClinGen	NA	NA	X	X:153624564-153783898	X:154396223-154555683	NoEvidence	SufficientEvidence	05/26/2016	ENSG00000147403,ENSG00000071859,ENSG00000071889,ENSG00000126903,ENSG00000071553,ENSG00000013563,ENSG00000130827,ENSG00000102178,ENSG00000196976,ENSG00000073009,ENSG00000203879,ENSG00000102125,ENSG00000160211	ENSG00000102125,ENSG00000203879,ENSG00000126903,ENSG00000013563,ENSG00000130827,ENSG00000102178,ENSG00000071553,ENSG00000147403,ENSG00000160211,ENSG00000196976,ENSG00000071889,ENSG00000071859
Xq28	Xq28_2	Xq28 recurrent region (int22h1/int22h2-flanked) (includes RAB39B)	Reccurent_CNV	ClinGen	NA	NA	X	X:154118603-154564401	X:154890328-155335092	SufficientEvidence	SufficientEvidence	08/31/2018	ENSG00000155959,ENSG00000165775,ENSG00000155961,ENSG00000214827,ENSG00000185010,ENSG00000185515	ENSG00000182712,ENSG00000155959,ENSG00000185515,ENSG00000155961,ENSG00000155962,ENSG00000185010,ENSG00000165775,ENSG00000214827
Xp11.22p11.23	Xp11.22p11.23	Xp11.22p11.23 recurrent region (includes SHROOM4)	Reccurent_CNV	ClinGen	NA	NA	X	X:48306152-52103258	X: 48447780-52444264	NoEvidence	SufficientEvidence	12/14/2017	ENSG00000147082,ENSG00000012211,ENSG00000189369,ENSG00000147081,ENSG00000179222,ENSG00000147144,ENSG00000179028,ENSG00000068985,ENSG00000102109,ENSG00000049769,ENSG00000158352,ENSG00000204620,ENSG00000182776,ENSG00000068400,ENSG00000196998,ENSG00000242013,ENSG00000147155,ENSG00000130385,ENSG00000171433,ENSG00000094631,ENSG00000196368,ENSG00000049768,ENSG00000126768,ENSG00000017483,ENSG00000017621,ENSG00000187690,ENSG00000101940,ENSG00000068438,ENSG00000101951,ENSG00000101997,ENSG00000102001,ENSG00000171365,ENSG00000122824,ENSG00000243279,ENSG00000015285,ENSG00000102100,ENSG00000102103,ENSG00000187682,ENSG00000068354,ENSG00000102145,ENSG00000101945,ENSG00000102312,ENSG00000102317,ENSG00000102096,ENSG00000102003,ENSG00000102007,ENSG00000102057,ENSG00000068394,ENSG00000068308,ENSG00000068323	ENSG00000102007,ENSG00000102317,ENSG00000147081,ENSG00000101945,ENSG00000179222,ENSG00000015285,ENSG00000068354,ENSG00000122824,ENSG00000171433,ENSG00000155622,ENSG00000012211,ENSG00000102312,ENSG00000017483,ENSG00000147144,ENSG00000049768,ENSG00000049769,ENSG00000130385,ENSG00000224109,ENSG00000187243,ENSG00000187682,ENSG00000171365,ENSG00000158352,ENSG00000126768,ENSG00000273820,ENSG00000068308,ENSG00000068323,ENSG00000215274,ENSG00000068394,ENSG00000068438,ENSG00000102103,ENSG00000068985,ENSG00000243279,ENSG00000094631,ENSG00000187690,ENSG00000101940,ENSG00000283093,ENSG00000101951,ENSG00000101997,ENSG00000102001,ENSG00000274588,ENSG00000189369,ENSG00000068400,ENSG00000102096,ENSG00000102100,ENSG00000196368,ENSG00000102109,ENSG00000196998,ENSG00000102145,ENSG00000102003,ENSG00000147082,ENSG00000102057,ENSG00000147155,ENSG00000223591,ENSG00000269313
Xp22.31	Xp22.31	Xp22.31 recurrent region (includes STS)	Reccurent_CNV	ClinGen	NA	NA	X	X:6455812-8124954	X:6537771-8156913	SufficientEvidence	SensitivityUnlikely	07/01/2021	ENSG00000130021,ENSG00000101846,ENSG00000182583,ENSG00000006757	ENSG00000101846,ENSG00000006757,ENSG00000182583,ENSG00000130021
